{
	"redirect_to_new_tab": "false",

	"top_slider": [
		{
			"link": "https://google.com",
			"avatar": "./DATA/top_slider/1.png",
			"descr": "I'm Julia, 21 y.o."
		},
		{
			"link": "https://google.com",
			"avatar": "./DATA/top_slider/2.png",
			"descr": "I'm Marii, 25 y.o. 21"
		}
	],

	"instagram": [
		{
			"big": "./DATA/instagram/1/big.jpg",
			"smals": [
					"./DATA/instagram/1/1.jpg",
					"./DATA/instagram/1/2.jpg",
					"./DATA/instagram/1/1.jpg",
					"./DATA/instagram/1/2.jpg"
			],
			"name": "Nataly",
			"location": "Rom, Italy",
			"link": "https://google.com"
		},
		{
			"big": "./DATA/instagram/2/big.jpg",
			"smals": [
					"./DATA/instagram/2/1.jpg",
					"./DATA/instagram/2/2.jpg",
					"./DATA/instagram/2/1.jpg",
					"./DATA/instagram/2/2.jpg"
			],
			"name": "Nataly",
			"location": "Rom, Italy",
			"link": "https://google.com"
		},
		{
			"big": "https://picsum.photos/id/14/300/306",
			"smals": [
				"https://picsum.photos/id/341/92/78",
				"https://picsum.photos/id/342/92/78",
				"https://picsum.photos/id/343/92/78",
				"https://picsum.photos/id/344/92/78"
			],
			"name": "Julia",
			"location": "Milan, Italy",
			"link": "https://google.com"
		}
	],

	"maps": {
		"link": "https://google.com",
		"user_ip": "194.183.167.96, 172.68.239.30",
		"girls": [
			"./DATA/maps/1.jpg",
			"./DATA/maps/2.jpg",
			"./DATA/maps/2.jpg",
			"./DATA/maps/1.jpg",
			"./DATA/maps/2.jpg",
			"4",
			"./DATA/maps/1.jpg"
		]
	},

	"top_active": [
		{
				"avatar": "./DATA/top_active/1.jpg",
				"name": "Ekaterina, 23",
				"link": "https://google.com"
		},
		{
				"avatar": "./DATA/top_active/2.jpg",
				"name": "Olya, 22",
				"link": "https://google.com"
		},
		{
				"avatar": "./DATA/top_active/2.jpg",
				"name": "Marii, 21",
				"link": "https://google.com"
		},
		{
				"avatar": "https://picsum.photos/id/124/184/308",
				"name": "Alexa, 25",
				"link": "https://google.com"
		},

		{
				"avatar": "https://picsum.photos/id/214/184/308",
				"name": "Ekaterina, 18",
				"link": "https://google.com"
		},
		{
				"avatar": "https://picsum.photos/id/314/184/308",
				"name": "Olya, 33",
				"link": "https://google.com"
		},
		{
				"avatar": "https://picsum.photos/id/184/184/308",
				"name": "Marii, 27",
				"link": "https://google.com"
		},
		{
				"avatar": "https://picsum.photos/id/134/184/308",
				"name": "Alexa, 28",
				"link": "https://google.com"
		}
	],

	"videos": [
		"DATA/videos/1.mp4",
		"DATA/videos/3.mp4"
	],

	"filter": {
		"m-m": "https://www.youtube.com/watch?v=2jqok-WgelI",
		"m-f": "https://www.youtube.com/watch?v=2jqok-WgelI",
		"m-c": "https://www.youtube.com/watch?v=2jqok-WgelI",
		"f-m": "https://www.youtube.com/watch?v=2jqok-WgelI",
		"f-f": "https://www.youtube.com/watch?v=2jqok-WgelI",
		"f-c": "https://www.youtube.com/watch?v=2jqok-WgelI"
	},

	"tabs": {
		"sex": [
			{
				"link": "https://www.youtube.com/watch?v=2jqok-WgelI",
				"photo": "https://picsum.photos/id/341/176/295",
				"name": "Tatyana, 27",
				"descr": "Hey, boy! I’ve been looking for you! Wanna see my nude pussy?"
			},
			{
				"link": "https://www.youtube.com/watch?v=2jqok-WgelI",
				"photo": "https://picsum.photos/id/324/176/295",
				"name": "Tatyana, 25",
				"descr": "Single looking for casual sex."
			}
		],
		"gey": [
			{
				"link": "https://www.youtube.com/watch?v=2jqok-WgelI",
				"photo": "https://picsum.photos/id/134/176/295",
				"name": "Igor, 33",
				"descr": "Hey, boy! I’ve been looking for you! Wanna see my nude pussy?"
			},
			{
				"link": "https://www.youtube.com/watch?v=2jqok-WgelI",
				"photo": "https://picsum.photos/id/11/176/295",
				"name": "Petya, 41",
				"descr": "Single looking for casual sex."
			}
		],
		"webcam": [
			{
				"link": "https://www.youtube.com/watch?v=2jqok-WgelI",
				"photo": "https://picsum.photos/id/8/176/295",
				"name": "Ira, 22",
				"descr": "Hey, boy! I’ve been looking for you! Wanna see my nude pussy?"
			},
			{
				"link": "https://www.youtube.com/watch?v=2jqok-WgelI",
				"photo": "https://picsum.photos/id/2/176/295",
				"name": "Alexa, 24",
				"descr": "Single looking for casual sex."
			}
		]
	},

	"footer": {
		"Boy": {
			"boy": "https://www.youtube.com/watch?v=2jqok-WgelI",
			"girl": "https://www.youtube.com/watch?v=2jqok-WgelI",
			"man": "https://www.youtube.com/watch?v=2jqok-WgelI",
			"woman": "https://www.youtube.com/watch?v=2jqok-WgelI",
			"couple": "https://www.youtube.com/watch?v=2jqok-WgelI"
		},
		"Girl": {
			"boy": "https://www.youtube.com/watch?v=2jqok-WgelI",
			"girl": "https://www.youtube.com/watch?v=2jqok-WgelI",
			"man": "https://www.youtube.com/watch?v=2jqok-WgelI",
			"woman": "https://www.youtube.com/watch?v=2jqok-WgelI",
			"couple": "https://www.youtube.com/watch?v=2jqok-WgelI"
		},
		"Man": {
			"boy": "https://www.youtube.com/watch?v=2jqok-WgelI",
			"girl": "https://www.youtube.com/watch?v=2jqok-WgelI",
			"man": "https://www.youtube.com/watch?v=2jqok-WgelI",
			"woman": "https://www.youtube.com/watch?v=2jqok-WgelI",
			"couple": "https://www.youtube.com/watch?v=2jqok-WgelI"
		}
	}

}